선명,역이름,법정동,지역명,위도,경도,지역코드,동코드
1호선,소요산역,상봉암동,동두천시,37.9488831816783,127.061119494763,41250,41250109
1호선,동두천역,동두천동,동두천시,37.9276060650776,127.054914346206,41250,41250107
1호선,보산역,보산동,동두천시,37.9141449311302,127.057156006911,41250,41250106
1호선,동두천중앙역,생연동,동두천시,37.9017663228673,127.056418741871,41250,41250103
1호선,지행역,지행동,동두천시,37.8918743050254,127.055660861893,41250,41250102
1호선,덕정역,덕정동,양주시,37.8431840486326,127.061554773951,41630,41630110
1호선,덕계역,덕계동,양주시,37.8187525902328,127.056673506557,41630,41630116
1호선,양주역,남방동,양주시,37.7741241429389,127.044721308837,41630,41630103
1호선,녹양역,녹양동,의정부시,37.7593852598143,127.042261194277,41150,41150111
1호선,가능역,가능동,의정부시,37.7483927208896,127.044274646711,41150,41150110
의정부경전철,흥선역,가능동,의정부시,37.7432776750286,127.037169082949,41150,41150110
1호선,의정부역,의정부동,의정부시,37.7383552881432,127.045947746215,41150,41150101
의정부경전철,경전철의정부역,의정부동,의정부시,37.7372571103071,127.043292348168,41150,41150101
의정부경전철,의정부시청역,의정부동,의정부시,37.7392240282409,127.034829933565,41150,41150101
의정부경전철,의정부중앙역,의정부동,의정부시,37.7436695049384,127.0496498053,41150,41150101
1호선,회룡역,호원동,의정부시,37.7237950762834,127.047277212627,41150,41150102
1호선,망월사역,호원동,의정부시,37.7102083547787,127.047404669624,41150,41150102
의정부경전철,회룡역,호원동,의정부시,37.7237950762834,127.047277212627,41150,41150102
의정부경전철,범골역,호원동,의정부시,37.7287878565888,127.043650414579,41150,41150102
1호선,도봉산역,도봉동,도봉구,37.6895585326698,127.046053675471,11320,11320108
1호선,도봉역,도봉동,도봉구,37.6791974925121,127.045525808977,11320,11320108
7호선,도봉산역,도봉동,도봉구,37.6895585326698,127.046053675471,11320,11320108
1호선,방학역,방학동,도봉구,37.6674311601371,127.044317183294,11320,11320106
1호선,창동역,창동,도봉구,37.653320494324,127.047640454654,11320,11320107
1호선,녹천역,창동,도봉구,37.6446334490218,127.051374087263,11320,11320107
4호선,창동역,창동,도봉구,37.653320494324,127.047640454654,11320,11320107
4호선,쌍문역,창동,도봉구,37.6485317952362,127.034651559958,11320,11320107
1호선,월계역,월계동,노원구,37.6332595324731,127.058843478444,11350,11350102
1호선,광운대역,월계동,노원구,37.6238337612372,127.061690626596,11350,11350102
1호선,석계역,월계동,노원구,37.6150019340823,127.065670206166,11350,11350102
경춘선,광운대역,월계동,노원구,37.6238337612372,127.061690626596,11350,11350102
6호선,석계역,월계동,노원구,37.6150019340823,127.065670206166,11350,11350102
1호선,신이문역,이문동,동대문구,37.6017744461345,127.067379878325,11230,11230110
1호선,외대앞역,이문동,동대문구,37.5962624346633,127.063683442668,11230,11230110
1호선,회기역,휘경동,동대문구,37.5897782042758,127.058039297256,11230,11230109
경의중앙선,회기역,휘경동,동대문구,37.5897782042758,127.058039297256,11230,11230109
경춘선,회기역,휘경동,동대문구,37.5897782042758,127.058039297256,11230,11230109
1호선,남영역,갈월동,용산구,37.5405585626607,126.971327574661,11170,11170104
4호선,숙대입구역,갈월동,용산구,37.5445952301115,126.972118127372,11170,11170104
1호선,용산역,한강로3가,용산구,37.5300691538724,126.964815014401,11170,11170128
경의중앙선,용산역,한강로3가,용산구,37.5300691538724,126.964815014401,11170,11170128
1호선,노량진역,노량진동,동작구,37.5135712531779,126.940888666744,11590,11590101
9호선,노량진역,노량진동,동작구,37.5135712531779,126.940888666744,11590,11590101
1호선,대방역,신길동,영등포구,37.5133469218724,126.926478663143,11560,11560132
1호선,신길역,신길동,영등포구,37.5167834187845,126.918353640838,11560,11560132
7호선,신풍역,신길동,영등포구,37.5001085601918,126.909731743281,11560,11560132
1호선,영등포역,영등포동,영등포구,37.5156764732488,126.90785793823,11560,11560101
1호선,신도림역,신도림동,구로구,37.5089048744726,126.891307981962,11530,11530101
2호선,신도림역,신도림동,구로구,37.5089048744726,126.891307981962,11530,11530101
2호선,도림천역,신도림동,구로구,37.5145008199738,126.882635530518,11530,11530101
1호선,구로역,구로동,구로구,37.5033280243545,126.882291119347,11530,11530102
1호선,구일역,구로동,구로구,37.4962509036903,126.869682064958,11530,11530102
2호선,구로디지털단지역,구로동,구로구,37.4852533671941,126.901473089504,11530,11530102
2호선,대림역,구로동,구로구,37.4933027323738,126.894926522974,11530,11530102
7호선,남구로역,구로동,구로구,37.4869892904115,126.887970257024,11530,11530102
1호선,개봉역,개봉동,구로구,37.4946344799821,126.858693356963,11530,11530107
1호선,오류동역,오류동,구로구,37.4943827932767,126.844807477983,11530,11530108
7호선,천왕역,오류동,구로구,37.4868420352704,126.838581632594,11530,11530108
1호선,온수역,온수동,구로구,37.4919566907461,126.823825338009,11530,11530110
7호선,온수역,온수동,구로구,37.4919566907461,126.823825338009,11530,11530110
1호선,역곡역,역곡동,부천시,37.4853071505875,126.812059338728,41190,41190107
1호선,소사역,소사본동,부천시,37.482793087788,126.795626202003,41190,41190110
서해선,소사역,소사본동,부천시,37.482793087788,126.795626202003,41190,41190110
서해선,소새울역,소사본동,부천시,37.4685059275196,126.797270299654,41190,41190110
1호선,부천역,심곡본동,부천시,37.4839780556595,126.783072729615,41190,41190111
1호선,중동역,송내동,부천시,37.4866635779738,126.764521602065,41190,41190114
1호선,송내역,송내동,부천시,37.4876132028813,126.753030639866,41190,41190114
1호선,가산디지털단지역,가산동,금천구,37.4803887400743,126.882643680055,11545,11545101
1호선,독산역,가산동,금천구,37.4659611473931,126.889471139645,11545,11545101
7호선,가산디지털단지역,가산동,금천구,37.4803887400743,126.882643680055,11545,11545101
1호선,금천구청역,시흥동,금천구,37.4561799500543,126.893599593129,11545,11545103
1호선,석수역,석수동,만안구,37.4350857189035,126.90230723405,41171,41171102
1호선,관악역,석수동,만안구,37.4195571394685,126.908495489831,41171,41171102
1호선,안양역,안양동,만안구,37.401853193434,126.922634762501,41171,41171101
1호선,명학역,안양동,만안구,37.3844532109689,126.935592797832,41171,41171101
1호선,금정역,금정동,군포시,37.3724555868554,126.943460747528,41410,41410105
4호선,금정역,금정동,군포시,37.3724555868554,126.943460747528,41410,41410105
1호선,군포역,당동,군포시,37.3541850663191,126.948508477572,41410,41410101
1호선,당정역,당정동,군포시,37.3436790011333,126.948357655292,41410,41410102
1호선,의왕역,삼동,의왕시,37.3203421093152,126.947967475613,41430,41430103
1호선,성균관대역,율전동,장안구,37.3003289994931,126.971012976824,41111,41111132
1호선,화서역,화서동,팔달구,37.2839872655598,126.989603013382,41115,41115138
1호선,수원역,매산로1가,팔달구,37.2657867038031,127.000090190749,41115,41115134
수인분당선,수원역,매산로1가,팔달구,37.2657867038031,127.000090190749,41115,41115134
1호선,세류역,장지동,권선구,37.2438725206491,127.013795188267,41113,41113138
1호선,병점역,진안동,화성시,37.2067454948774,127.033186851871,41590,41590116
1호선,세마역,세교동,오산시,37.187117263775,127.043426806993,41370,41370113
1호선,오산대역,수청동,오산시,37.1693396260189,127.063075717411,41370,41370108
1호선,오산역,오산동,오산시,37.1447027564949,127.066612100655,41370,41370101
1호선,진위역,진위면,평택시,37.1100682181691,127.06235148447,41220,41220310
1호선,송탄역,신장동,평택시,37.0757054527557,127.054271459719,41220,41220112
1호선,서정리역,서정동,평택시,37.0565492930081,127.052863705224,41220,41220101
1호선,지제역,지제동,평택시,37.0187673944311,127.069828230286,41220,41220121
1호선,평택역,평택동,평택시,36.9909679456145,127.085282090336,41220,41220113
1호선,광명역,일직동,광명시,37.4164369211351,126.884799479023,41210,41210106
1호선,서동탄역,외삼미동,오산시,37.1957279421118,127.051856774263,41370,41370111
3호선,대화역,대화동,일산서구,37.6761429324264,126.747487417179,41287,41287104
3호선,주엽역,주엽동,일산서구,37.6701350355631,126.761245434965,41287,41287102
3호선,정발산역,마두동,일산동구,37.6594734121857,126.773405982778,41285,41285105
3호선,마두역,마두동,일산동구,37.6522375070419,126.77759814216,41285,41285105
3호선,백석역,백석동,일산동구,37.6429587368303,126.788117923412,41285,41285106
경의중앙선,곡산역,백석동,일산동구,37.6457575386699,126.801797828017,41285,41285106
경의중앙선,백마역,백석동,일산동구,37.6580165981743,126.794602870293,41285,41285106
3호선,대곡역,대장동,덕양구,37.631681128995,126.810920972324,41281,41281122
경의중앙선,대곡역,대장동,덕양구,37.631681128995,126.810920972324,41281,41281122
3호선,화정역,화정동,덕양구,37.634633161962,126.832665788035,41281,41281123
3호선,원당역,성사동,덕양구,37.653099388064,126.842913931542,41281,41281106
3호선,원흥역,원흥동,덕양구,37.6506849598556,126.873016181785,41281,41281104
3호선,삼송역,삼송동,덕양구,37.6530677292421,126.895653717805,41281,41281111
4호선,선바위역,과천동,과천시,37.4517407809454,127.002215131762,41290,41290105
4호선,경마공원역,과천동,과천시,37.4439557812032,127.007819960946,41290,41290105
4호선,대공원역,과천동,과천시,37.4360449337415,127.006734401918,41290,41290105
4호선,과천역,별양동,과천시,37.4328735001529,126.996610343398,41290,41290109
4호선,정부과천청사역,별양동,과천시,37.4264939139217,126.989854488907,41290,41290109
4호선,인덕원역,관양동,동안구,37.4014797519481,126.976666306687,41173,41173102
4호선,평촌역,관양동,동안구,37.3942322968183,126.963794473939,41173,41173102
4호선,범계역,호계동,동안구,37.3897765383406,126.950765206422,41173,41173104
4호선,산본역,산본동,군포시,37.3580157018612,126.933041817991,41410,41410104
4호선,수리산역,산본동,군포시,37.3505507556783,126.925621928603,41410,41410104
4호선,대야미역,대야미동,군포시,37.3279651196109,126.916888493064,41410,41410108
4호선,반월역,건건동,상록구,37.3123673429765,126.903819948122,41271,41271111
4호선,상록수역,본오동,상록구,37.3028523388998,126.866587593057,41271,41271104
4호선,한대앞역,이동,상록구,37.3097570214788,126.853670620172,41271,41271102
수인분당선,한대앞역,이동,상록구,37.3097570214788,126.853670620172,41271,41271102
4호선,중앙역,고잔동,단원구,37.3160084809025,126.838496396948,41273,41273101
4호선,고잔역,고잔동,단원구,37.3167972714743,126.823016567504,41273,41273101
수인분당선,중앙역,고잔동,단원구,37.3160084809025,126.838496396948,41273,41273101
수인분당선,고잔역,고잔동,단원구,37.3167972714743,126.823016567504,41273,41273101
4호선,초지역,초지동,단원구,37.3206629744686,126.80594908949,41273,41273107
수인분당선,초지역,초지동,단원구,37.3206629744686,126.80594908949,41273,41273107
서해선,초지역,초지동,단원구,37.3206629744686,126.80594908949,41273,41273107
4호선,안산역,원곡동,단원구,37.3270130414371,126.788872916065,41273,41273108
수인분당선,안산역,원곡동,단원구,37.3270130414371,126.788872916065,41273,41273108
4호선,신길온천역,신길동,단원구,37.3376222448823,126.767041475711,41273,41273103
수인분당선,신길온천역,신길동,단원구,37.3376222448823,126.767041475711,41273,41273103
4호선,정왕역,정왕동,시흥시,37.3518085060046,126.742911898934,41390,41390132
4호선,오이도역,정왕동,시흥시,37.3616918424846,126.738385506047,41390,41390132
수인분당선,정왕역,정왕동,시흥시,37.3518085060046,126.742911898934,41390,41390132
수인분당선,오이도역,정왕동,시흥시,37.3616918424846,126.738385506047,41390,41390132
경강선,판교역,백현동,분당구,37.3947622153025,127.111192160375,41135,41135110
신분당선,판교역,백현동,분당구,37.3947622153025,127.111192160375,41135,41135110
경강선,이매역,이매동,분당구,37.3947099349286,127.12729606911,41135,41135106
수인분당선,이매역,이매동,분당구,37.3947099349286,127.12729606911,41135,41135106
경강선,삼동역,삼동,광주시,37.4086775154071,127.203359037744,41610,41610107
경강선,경기광주역,역동,광주시,37.3989402284654,127.253273621089,41610,41610112
경강선,초월역,초월읍,광주시,37.3733683173439,127.299905180106,41610,41610253
경강선,곤지암역,곤지암읍,광주시,37.3505359521273,127.346246812641,41610,41610259
경강선,신둔도예촌역,신둔면,이천시,37.3156050837436,127.405222655085,41500,41500310
경강선,이천역,율현동,이천시,37.2642222250614,127.442149821859,41500,41500105
경강선,부발역,부발읍,이천시,37.2603924025665,127.490307974918,41500,41500253
경강선,세종대왕릉역,능서면,여주시,37.2936227977261,127.570641519645,41670,41670340
경강선,여주역,교동,여주시,37.2828596957647,127.62852003343,41670,41670108
경의중앙선,이촌역,이촌동,용산구,37.5224489050814,126.973325479803,11170,11170129
경의중앙선,서빙고역,서빙고동,용산구,37.5195501176669,126.988393978303,11170,11170133
경의중앙선,한남역,한남동,용산구,37.5294253166994,127.009186483335,11170,11170131
6호선,한강진역,한남동,용산구,37.5397871707134,127.001742505154,11170,11170131
경의중앙선,옥수역,옥수동,성동구,37.5415518643708,127.017380201215,11200,11200113
3호선,옥수역,옥수동,성동구,37.5415518643708,127.017380201215,11200,11200113
경의중앙선,응봉역,응봉동,성동구,37.549945423924,127.034470070506,11200,11200108
경의중앙선,왕십리역,행당동,성동구,37.5612611631671,127.037078472459,11200,11200107
수인분당선,왕십리역,행당동,성동구,37.5612611631671,127.037078472459,11200,11200107
2호선,왕십리역,행당동,성동구,37.5612611631671,127.037078472459,11200,11200107
2호선,한양대역,행당동,성동구,37.5557087864257,127.04361716382,11200,11200107
5호선,행당역,행당동,성동구,37.5573529744311,127.029493728053,11200,11200107
5호선,왕십리역,행당동,성동구,37.5612611631671,127.037078472459,11200,11200107
경의중앙선,청량리역,전농동,동대문구,37.5807185198462,127.048499848096,11230,11230104
경춘선,청량리역,전농동,동대문구,37.5807185198462,127.048499848096,11230,11230104
수인분당선,청량리역,전농동,동대문구,37.5807185198462,127.048499848096,11230,11230104
1호선,청량리역,전농동,동대문구,37.5807185198462,127.048499848096,11230,11230104
경의중앙선,중랑역,중화동,중랑구,37.5948317972278,127.075662270251,11260,11260103
경춘선,중랑역,중화동,중랑구,37.5948317972278,127.075662270251,11260,11260103
7호선,중화역,중화동,중랑구,37.6025418946255,127.079293906515,11260,11260103
경의중앙선,상봉역,상봉동,중랑구,37.5966989669088,127.085742145107,11260,11260102
경의중앙선,망우역,상봉동,중랑구,37.5992888287112,127.092358315354,11260,11260102
경춘선,상봉역,상봉동,중랑구,37.5966989669088,127.085742145107,11260,11260102
경춘선,망우역,상봉동,중랑구,37.5992888287112,127.092358315354,11260,11260102
7호선,상봉역,상봉동,중랑구,37.5966989669088,127.085742145107,11260,11260102
경의중앙선,양원역,망우동,중랑구,36.9637824292408,129.091278461531,11260,11260105
경춘선,신내역,망우동,중랑구,37.612487415788,127.104266904089,11260,11260105
경의중앙선,구리역,인창동,구리시,37.6032563302107,127.143346426709,41310,41310103
경의중앙선,도농역,도농동,남양주시,37.6087654214011,127.161160527083,41360,41360110
경의중앙선,양정역,이패동,남양주시,37.6040117413696,127.194671309249,41360,41360105
경의중앙선,덕소역,와부읍,남양주시,37.58688675731,127.208824585309,41360,41360250
경의중앙선,도심역,와부읍,남양주시,37.5796354719625,127.222683847152,41360,41360250
경의중앙선,팔당역,와부읍,남양주시,37.547355858188,127.243952561032,41360,41360250
경의중앙선,운길산역,조안면,남양주시,37.5546425550604,127.310227081777,41360,41360360
경의중앙선,양수역,양서면,양평군,37.545959836992,127.329133838785,41830,41830330
경의중앙선,신원역,양서면,양평군,37.5255748032696,127.37307354466,41830,41830330
경의중앙선,국수역,양서면,양평군,37.5161727619303,127.399291654314,41830,41830330
경의중앙선,아신역,옥천면,양평군,37.5139077890841,127.443211435249,41830,41830340
경의중앙선,오빈역,양평읍,양평군,37.5061491723811,127.473656769528,41830,41830250
경의중앙선,양평역,양평읍,양평군,37.5255688309654,126.886419299276,41830,41830250
경의중앙선,원덕역,양평읍,양평군,37.4687673200292,127.546558574942,41830,41830250
경의중앙선,용문역,용문면,양평군,37.4826100652581,127.594371532679,41830,41830400
경의중앙선,지평역,지평면,양평군,37.4768771035447,127.629666516091,41830,41830395
경의중앙선,효창공원앞역,효창동,용산구,37.5392943328525,126.961393582224,11170,11170119
6호선,효창공원앞역,효창동,용산구,37.5392943328525,126.961393582224,11170,11170119
경의중앙선,공덕역,도화동,마포구,37.5445344743163,126.95143307723,11440,11440104
5호선,마포역,도화동,마포구,37.5395405068307,126.945846741087,11440,11440104
공항철도,공덕역,도화동,마포구,37.5445344743163,126.95143307723,11440,11440104
경의중앙선,서강대역,노고산동,마포구,37.5521312710891,126.93549404719,11440,11440110
2호선,신촌역,노고산동,마포구,37.5551954567089,126.936962654548,11440,11440110
경의중앙선,홍대입구역,동교동,마포구,37.5568635281461,126.923764988566,11440,11440121
2호선,홍대입구역,동교동,마포구,37.5568635281461,126.923764988566,11440,11440121
공항철도,홍대입구역,동교동,마포구,37.5568635281461,126.923764988566,11440,11440121
경의중앙선,가좌역,남가좌동,서대문구,37.5687505576544,126.914810592109,11410,11410120
경의중앙선,디지털미디어시티역,수색동,은평구,37.5760020219691,126.901263083061,11380,11380101
경의중앙선,수색역,수색동,은평구,37.5808084927877,126.895641436132,11380,11380101
경의중앙선,화전역,화전동,덕양구,37.6033060363963,126.868385736287,41281,41281129
경의중앙선,강매역,행신동,덕양구,37.6122868634543,126.844494840384,41281,41281128
경의중앙선,행신역,행신동,덕양구,37.6119666245481,126.834279560012,41281,41281128
경의중앙선,능곡역,토당동,덕양구,37.6190100922675,126.82042239442,41281,41281120
경의중앙선,풍산역,풍동,일산동구,37.6723273576378,126.786266180087,41285,41285107
경의중앙선,일산역,일산동,일산서구,37.6820093022534,126.77000451545,41287,41287101
경의중앙선,탄현역,덕이동,일산서구,37.6939744831672,126.761055632314,41287,41287105
경의중앙선,야당역,야당동,파주시,37.7126074026376,126.761449458429,41480,41480108
경의중앙선,운정역,교하동,파주시,37.725592771562,126.767147450181,41480,41480107
경의중앙선,금릉역,금촌동,파주시,37.7513209199973,126.765387482299,41480,41480101
경의중앙선,금촌역,금촌동,파주시,37.7661507617625,126.774601706879,41480,41480101
경의중앙선,월롱역,월롱면,파주시,37.7962037866501,126.792563197953,41480,41480310
경의중앙선,파주역,파주읍,파주시,37.8153583754851,126.792691322964,41480,41480253
경의중앙선,문산역,문산읍,파주시,37.8546124470985,126.78737723979,41480,41480250
경의중앙선,임진강역,문산읍,파주시,37.8882642054943,126.747060302928,41480,41480250
경의중앙선,서울역,봉래동2가,중구,37.5533163107152,126.969738305903,11140,11140120
경의중앙선,신촌역,신촌동,서대문구,37.5551954567089,126.936962654548,11410,11410114
경춘선,갈매역,갈매동,구리시,37.6340653389188,127.114742608717,41310,41310101
경춘선,별내역,별내동,남양주시,37.6420535569769,127.126969124631,41360,41360111
경춘선,퇴계원역,퇴계원읍,남양주시,37.6482513637596,127.143523511236,41360,41360265
경춘선,사릉역,진건읍,남양주시,37.6511071806435,127.176912564902,41360,41360259
경춘선,금곡역,금곡동,남양주시,37.6373443631905,127.20751551717,41360,41360103
경춘선,평내호평역,평내동,남양주시,37.6532030105113,127.244434400427,41360,41360102
경춘선,천마산역,화도읍,남양주시,37.6592205029108,127.285049073287,41360,41360256
경춘선,마석역,화도읍,남양주시,37.6527742200656,127.311677414031,41360,41360256
경춘선,대성리역,청평면,가평군,37.6839829102845,127.379692613895,41820,41820325
경춘선,청평역,청평면,가평군,37.7355020498164,127.426604627072,41820,41820325
경춘선,상천역,청평면,가평군,37.7701748704458,127.454497500058,41820,41820325
경춘선,가평역,가평읍,가평군,37.814505656393,127.510734782716,41820,41820250
수인분당선,서울숲역,성수동1가,성동구,37.5436349863299,127.044741683677,11200,11200114
2호선,뚝섬역,성수동1가,성동구,37.5472379579492,127.047369170783,11200,11200114
수인분당선,압구정로데오역,압구정동,강남구,37.5275085746723,127.040591450907,11680,11680110
수인분당선,강남구청역,삼성동,강남구,37.5172008632289,127.041287183507,11680,11680105
수인분당선,선정릉역,삼성동,강남구,37.5109290398758,127.043613714302,11680,11680105
수인분당선,선릉역,삼성동,강남구,37.5044937750958,127.048948120105,11680,11680105
2호선,삼성역,삼성동,강남구,37.5088119293814,127.063020940329,11680,11680105
2호선,선릉역,삼성동,강남구,37.5044937750958,127.048948120105,11680,11680105
7호선,강남구청역,삼성동,강남구,37.5172008632289,127.041287183507,11680,11680105
9호선,선정릉역,삼성동,강남구,37.5109290398758,127.043613714302,11680,11680105
9호선,삼성중앙역,삼성동,강남구,37.5129614592575,127.053025579452,11680,11680105
9호선,봉은사역,삼성동,강남구,37.5142374358367,127.060220347306,11680,11680105
수인분당선,한티역,대치동,강남구,37.496274896741,127.052900695072,11680,11680106
3호선,대치역,대치동,강남구,37.4944858480401,127.063189830669,11680,11680106
3호선,학여울역,대치동,강남구,37.4968779978912,127.071153022687,11680,11680106
3호선,대청역,대치동,강남구,37.4937011202813,127.079517936005,11680,11680106
수인분당선,도곡역,도곡동,강남구,37.4909757841746,127.055497705714,11680,11680118
3호선,매봉역,도곡동,강남구,37.4869250553702,127.046697871026,11680,11680118
3호선,도곡역,도곡동,강남구,37.4909757841746,127.055497705714,11680,11680118
수인분당선,구룡역,개포동,강남구,37.48702743532,127.059474850454,11680,11680103
수인분당선,개포동역,개포동,강남구,37.4891322712554,127.066102609769,11680,11680103
수인분당선,대모산입구역,일원동,강남구,37.4915428672119,127.073070267893,11680,11680114
3호선,일원역,일원동,강남구,37.4839850708765,127.084120707858,11680,11680114
수인분당선,수서역,수서동,강남구,37.4852843181606,127.10445168236,11680,11680115
3호선,수서역,수서동,강남구,37.4852843181606,127.10445168236,11680,11680115
수인분당선,복정역,장지동,송파구,37.4707382891863,127.126701394602,11710,11710109
8호선,장지역,장지동,송파구,37.478631698139,127.126172045084,11710,11710109
8호선,복정역,장지동,송파구,37.4707382891863,127.126701394602,11710,11710109
수인분당선,가천대역,태평동,수정구,37.4485553966264,127.126686575598,41131,41131102
수인분당선,태평역,수진동,수정구,37.4397783922336,127.127733967247,41131,41131103
8호선,수진역,수진동,수정구,37.4373671826853,127.140520928805,41131,41131103
8호선,모란역,수진동,수정구,37.4340274873996,127.129961399904,41131,41131103
수인분당선,모란역,성남동,중원구,37.4340274873996,127.129961399904,41133,41133101
수인분당선,야탑역,야탑동,분당구,37.4113592441031,127.128724893214,41135,41135107
수인분당선,서현역,서현동,분당구,37.3850010247088,127.123417906034,41135,41135105
수인분당선,수내역,수내동,분당구,37.3784687717688,127.114284330024,41135,41135102
수인분당선,정자역,정자동,분당구,37.3661666006259,127.108079384783,41135,41135103
신분당선,정자역,정자동,분당구,37.3661666006259,127.108079384783,41135,41135103
수인분당선,미금역,금곡동,분당구,37.3500734029357,127.109004370819,41135,41135111
신분당선,미금역,금곡동,분당구,37.3500734029357,127.109004370819,41135,41135111
수인분당선,오리역,구미동,분당구,37.3398197437914,127.108944410482,41135,41135114
수인분당선,죽전역,죽전동,수지구,37.324377387157,127.107500507614,41465,41465102
수인분당선,보정역,보정동,기흥구,37.3127713305833,127.108318762458,41463,41463118
수인분당선,구성역,마북동,기흥구,37.298969852535,127.10568228858,41463,41463113
수인분당선,신갈역,신갈동,기흥구,37.2861339496318,127.111280218134,41463,41463101
수인분당선,기흥역,구갈동,기흥구,37.2754420734533,127.117037420103,41463,41463102
용인에버라인,기흥역,구갈동,기흥구,37.2754420734533,127.117037420103,41463,41463102
용인에버라인,강남대역,구갈동,기흥구,37.2701707463678,127.126048852907,41463,41463102
수인분당선,상갈역,상갈동,기흥구,37.2618082437676,127.108719212195,41463,41463103
수인분당선,청명역,영통동,영통구,37.2595251647421,127.078955458006,41117,41117105
수인분당선,영통역,영통동,영통구,37.2514926997707,127.071327398854,41117,41117105
수인분당선,망포역,영통동,영통구,37.2458239558382,127.056850262151,41117,41117105
수인분당선,매탄권선역,매탄동,영통구,37.2524983006233,127.040804144693,41117,41117101
수인분당선,수원시청역,권선동,권선구,37.2619082048643,127.030843654285,41113,41113137
수인분당선,매교역,매교동,팔달구,37.2655153241199,127.015896062558,41115,41115133
수인분당선,고색역,평동,권선구,37.24982170343061,126.98027826914584,41113,41113127
수인분당선,오목천역,오목천동,권선구,37.243370677349795,126.96401102741584,41113,41113129
수인분당선,어천역,매송면,화성시,37.25009893759481,126.90880029827201,41590,41590310
수인분당선,야목역,매송면,화성시,37.26143760763808,126.88415209983125,41590,41590310
수인분당선,사리역,사동,상록구,37.29108553175669,126.85718263818849,41271,41271103
수인분당선,달월역,월곶동,시흥시,37.3800159245433,126.745389964029,41390,41390131
수인분당선,월곶역,월곶동,시흥시,37.3918134963283,126.74270758579,41390,41390131
1호선,제기동역,제기동,동대문구,37.5781644906615,127.034935905941,11230,11230103
1호선,신설동역,신설동,동대문구,37.5760227613002,127.024452169845,11230,11230101
2호선,신설동역,신설동,동대문구,37.5760227613002,127.024452169845,11230,11230101
우이신설선,신설동역,신설동,동대문구,37.5760227613002,127.024452169845,11230,11230101
1호선,동묘앞역,숭인동,종로구,37.5732130585579,127.016346114277,11110,11110175
6호선,동묘앞역,숭인동,종로구,37.5732130585579,127.016346114277,11110,11110175
1호선,동대문역,창신동,종로구,37.5716640012581,127.010617962363,11110,11110174
6호선,창신역,창신동,종로구,37.5794120427143,127.015283298946,11110,11110174
1호선,종로5가역,종로5가,종로구,37.5709616924446,127.001539476891,11110,11110163
1호선,종로3가역,종로3가,종로구,37.5704208439207,126.992144196794,11110,11110156
1호선,종각역,종로1가,종로구,37.5702216815202,126.983133839231,11110,11110126
1호선,시청역,정동,중구,37.5653372841193,126.977181235023,11140,11140167
1호선,서울역,남대문로5가,중구,37.5533163107152,126.969738305903,11140,11140118
2호선,시청역,서소문동,중구,37.5653372841193,126.977181235023,11140,11140166
2호선,을지로입구역,을지로3가,중구,37.5660229020616,126.982183995362,11140,11140155
2호선,을지로3가역,을지로3가,중구,37.5662761796769,126.990967458779,11140,11140155
3호선,을지로3가역,을지로3가,중구,37.5662761796769,126.990967458779,11140,11140155
2호선,을지로4가역,을지로4가,중구,37.5666368996611,126.997623004003,11140,11140150
2호선,동대문역사문화공원역,을지로7가,중구,37.5656454859141,127.008987189553,11140,11140149
2호선,신당역,신당동,중구,37.5656622427144,127.019468475358,11140,11140162
3호선,약수역,신당동,중구,37.5544909839515,127.010887137982,11140,11140162
5호선,청구역,신당동,중구,37.5602029883938,127.013921207826,11140,11140162
6호선,버티고개역,신당동,중구,37.5478239071303,127.00672181283,11140,11140162
6호선,약수역,신당동,중구,37.5544909839515,127.010887137982,11140,11140162
6호선,청구역,신당동,중구,37.5602029883938,127.013921207826,11140,11140162
2호선,상왕십리역,하왕십리동,성동구,37.5644348647729,127.029270145908,11200,11200102
2호선,성수역,성수동2가,성동구,37.5445852156774,127.056057944077,11200,11200115
2호선,건대입구역,화양동,광진구,37.5403976062717,127.069202907348,11215,11215107
7호선,어린이대공원역,화양동,광진구,37.5479446668453,127.074641659468,11215,11215107
7호선,건대입구역,화양동,광진구,37.5403976062717,127.069202907348,11215,11215107
2호선,구의역,구의동,광진구,37.537160863174,127.086171769557,11215,11215103
2호선,강변역,구의동,광진구,37.535118053119,127.094722999066,11215,11215103
2호선,잠실나루역,신천동,송파구,37.5206944003696,127.103799674868,11710,11710102
8호선,몽촌토성역,신천동,송파구,37.5178028959182,127.112844983956,11710,11710102
8호선,잠실역,신천동,송파구,37.5133092702048,127.100215181119,11710,11710102
2호선,잠실역,잠실동,송파구,37.5133092702048,127.100215181119,11710,11710101
2호선,잠실새내역,잠실동,송파구,37.5116083485804,127.08630073432,11710,11710101
2호선,종합운동장역,잠실동,송파구,37.5111302556967,127.07383586044,11710,11710101
9호선,종합운동장역,잠실동,송파구,37.5111302556967,127.07383586044,11710,11710101
9호선,삼전역,잠실동,송파구,37.5045436968849,127.08735570822,11710,11710101
2호선,역삼역,역삼동,강남구,37.5006600052986,127.036460414211,11680,11680101
2호선,강남역,역삼동,강남구,37.4980854411503,127.027977657727,11680,11680101
9호선,신논현역,역삼동,강남구,37.5048075124198,127.025469415506,11680,11680101
신분당선,강남역,역삼동,강남구,37.4980854411503,127.027977657727,11680,11680101
2호선,교대역,서초동,서초구,37.4927359601279,127.013863444681,11650,11650108
2호선,서초역,서초동,서초구,37.491835518946,127.007644026196,11650,11650108
3호선,교대역,서초동,서초구,37.4927359601279,127.013863444681,11650,11650108
3호선,남부터미널역,서초동,서초구,37.4851852186355,127.016191235414,11650,11650108
3호선,양재역,서초동,서초구,37.4845687081114,127.034146039501,11650,11650108
신분당선,양재역,서초동,서초구,37.4845687081114,127.034146039501,11650,11650108
2호선,방배역,방배동,서초구,37.4814561264392,126.997535255649,11650,11650101
4호선,남태령역,방배동,서초구,37.4642463513885,126.9890807468,11650,11650101
2호선,사당역,사당동,동작구,37.4765532208396,126.981549541445,11590,11590107
4호선,총신대입구역,사당동,동작구,37.4867887823399,126.982202828739,11590,11590107
4호선,사당역,사당동,동작구,37.4765532208396,126.981549541445,11590,11590107
7호선,총신대입구역,사당동,동작구,37.4867887823399,126.982202828739,11590,11590107
7호선,남성역,사당동,동작구,37.4847862998916,126.970896635447,11590,11590107
2호선,낙성대역,봉천동,관악구,37.4770896313732,126.963505817942,11620,11620101
2호선,서울대입구역,봉천동,관악구,37.4812845008265,126.952695107942,11620,11620101
2호선,봉천역,봉천동,관악구,37.4824689098378,126.941682007426,11620,11620101
2호선,신림역,신림동,관악구,37.4842644294274,126.929740854865,11620,11620102
2호선,신대방역,신대방동,동작구,37.487641446009,126.913500702287,11590,11590109
2호선,문래역,문래동3가,영등포구,37.5179720940164,126.894756202452,11560,11560121
2호선,영등포구청역,당산동3가,영등포구,37.5258305232222,126.896668349116,11560,11560113
5호선,영등포구청역,당산동3가,영등포구,37.5258305232222,126.896668349116,11560,11560113
2호선,당산역,당산동6가,영등포구,37.5347735014069,126.902607283905,11560,11560116
9호선,당산역,당산동6가,영등포구,37.5347735014069,126.902607283905,11560,11560116
2호선,합정역,서교동,마포구,37.549901442065,126.914447288631,11440,11440120
2호선,이대역,염리동,마포구,37.5568039038233,126.946422762684,11440,11440109
2호선,아현역,아현동,마포구,37.5574025689432,126.956132861047,11440,11440101
5호선,애오개역,아현동,마포구,37.553402332792,126.956655789028,11440,11440101
2호선,충정로역,충정로3가,서대문구,37.5597479688989,126.964484159441,11410,11410102
5호선,충정로역,충정로3가,서대문구,37.5597479688989,126.964484159441,11410,11410102
2호선,용답역,용답동,성동구,37.5621209757458,127.050887278781,11200,11200122
2호선,신답역,용답동,성동구,37.5698350860798,127.04706653169,11200,11200122
5호선,답십리역,용답동,성동구,37.5669676097486,127.05254316093,11200,11200122
2호선,용두역,용두동,동대문구,37.5740549248114,127.038262110343,11230,11230102
2호선,양천구청역,신정동,양천구,37.5123744505094,126.865717870736,11470,11470101
2호선,신정네거리역,신정동,양천구,37.5202158982635,126.852876007423,11470,11470101
5호선,신정역,신정동,양천구,37.5250131753674,126.856079401594,11470,11470101
2호선,까치산역,화곡동,강서구,37.5322270449167,126.846426169396,11500,11500103
5호선,우장산역,화곡동,강서구,37.5488098724086,126.836320627782,11500,11500103
5호선,화곡역,화곡동,강서구,37.5416435540232,126.840432411284,11500,11500103
5호선,까치산역,화곡동,강서구,37.5322270449167,126.846426169396,11500,11500103
3호선,지축역,지축동,덕양구,37.648145025133,126.913836143165,41281,41281109
3호선,구파발역,진관동,은평구,37.6364177567586,126.918834712255,11380,11380114
3호선,연신내역,갈현동,은평구,37.6191924317614,126.921096185129,11380,11380104
6호선,연신내역,갈현동,은평구,37.6191924317614,126.921096185129,11380,11380104
3호선,불광역,대조동,은평구,37.6100441859992,126.930302239049,11380,11380106
6호선,불광역,대조동,은평구,37.6100441859992,126.930302239049,11380,11380106
3호선,녹번역,녹번동,은평구,37.6008031568325,126.935814422277,11380,11380102
6호선,역촌역,녹번동,은평구,37.6062193423086,126.922831293899,11380,11380102
3호선,홍제역,홍제동,서대문구,37.5887881726718,126.944158013369,11410,11410111
3호선,무악재역,홍제동,서대문구,37.5825560184073,126.950230958933,11410,11410111
3호선,독립문역,현저동,서대문구,37.5744680801684,126.957911446269,11410,11410109
3호선,경복궁역,적선동,종로구,37.5757880985498,126.973668718282,11110,11110107
3호선,안국역,안국동,종로구,37.5764929103816,126.985419169939,11110,11110141
3호선,종로3가역,묘동,종로구,37.5704208439207,126.992144196794,11110,11110151
3호선,충무로역,필동2가,중구,37.5613929793562,126.994137154178,11140,11140138
4호선,충무로역,필동2가,중구,37.5613929793562,126.994137154178,11140,11140138
3호선,동대입구역,장충동2가,중구,37.5590504141329,127.005296768227,11140,11140144
3호선,금호역,금호동4가,성동구,37.548255518095,127.015820115311,11200,11200112
3호선,압구정역,신사동,강남구,37.5264849726148,127.028486030642,11680,11680107
3호선,신사역,신사동,강남구,37.5164314730183,127.02029272549,11680,11680107
3호선,잠원역,잠원동,서초구,37.5128827106508,127.011401392881,11650,11650106
7호선,반포역,잠원동,서초구,37.5081434093748,127.011581635081,11650,11650106
3호선,고속터미널역,반포동,서초구,37.5045398449292,127.005134579686,11650,11650107
7호선,고속터미널역,반포동,서초구,37.5045398449292,127.005134579686,11650,11650107
7호선,내방역,반포동,서초구,37.4876549159776,126.993577566695,11650,11650107
9호선,구반포역,반포동,서초구,37.5014218099211,126.987446814026,11650,11650107
9호선,신반포역,반포동,서초구,37.5034947245635,126.996064297745,11650,11650107
9호선,고속터미널역,반포동,서초구,37.5045398449292,127.005134579686,11650,11650107
9호선,사평역,반포동,서초구,37.50423262798,127.015267960691,11650,11650107
3호선,가락시장역,가락동,송파구,37.493092048704,127.118258210622,11710,11710107
3호선,경찰병원역,가락동,송파구,37.4959868949932,127.124482367866,11710,11710107
5호선,개롱역,가락동,송파구,37.4979574766853,127.13507053201,11710,11710107
8호선,송파역,가락동,송파구,37.4997113580808,127.112184453853,11710,11710107
8호선,가락시장역,가락동,송파구,37.493092048704,127.118258210622,11710,11710107
3호선,오금역,오금동,송파구,37.5021280700015,127.127930582636,11710,11710112
5호선,오금역,오금동,송파구,37.5021280700015,127.127930582636,11710,11710112
4호선,당고개역,상계동,노원구,37.6702060357364,127.079048472278,11350,11350105
4호선,상계역,상계동,노원구,37.6607133396972,127.073417091825,11350,11350105
4호선,노원역,상계동,노원구,37.6563403562037,127.063440071354,11350,11350105
7호선,수락산역,상계동,노원구,37.6778778660233,127.055341897382,11350,11350105
7호선,마들역,상계동,노원구,37.6651909458561,127.057689943554,11350,11350105
7호선,노원역,상계동,노원구,37.6563403562037,127.063440071354,11350,11350105
4호선,수유역,수유동,강북구,37.6378664771973,127.025492107399,11305,11305103
우이신설선,가오리역,수유동,강북구,37.6416341556655,127.01676898865,11305,11305103
우이신설선,화계역,수유동,강북구,37.6340837961475,127.017492363882,11305,11305103
4호선,미아역,미아동,강북구,37.6266400754021,127.026032022663,11305,11305101
4호선,미아사거리역,미아동,강북구,37.6132684542852,127.030082101855,11305,11305101
우이신설선,삼양역,미아동,강북구,37.6269118474291,127.018147716421,11305,11305101
우이신설선,삼양사거리역,미아동,강북구,37.6213073258081,127.020479780253,11305,11305101
우이신설선,솔샘역,미아동,강북구,37.6202451573205,127.013569926861,11305,11305101
4호선,길음역,길음동,성북구,37.6033767646759,127.025049999193,11290,11290134
4호선,성신여대입구역,동선동4가,성북구,37.5929627242628,127.017120398018,11290,11290119
우이신설선,성신여대입구역,동선동4가,성북구,37.5929627242628,127.017120398018,11290,11290119
4호선,한성대입구역,삼선동1가,성북구,37.5884047925683,127.006000831773,11290,11290111
4호선,혜화역,명륜4가,종로구,37.5820258983338,127.00192463086,11110,11110172
4호선,동대문역,종로6가,종로구,37.5716640012581,127.010617962363,11110,11110164
4호선,동대문역사문화공원역,광희동2가,중구,37.5656454859141,127.008987189553,11140,11140146
4호선,명동역,충무로2가,중구,37.5609598626754,126.986395560098,11140,11140125
4호선,회현역,남창동,중구,37.5587602432284,126.978428202919,11140,11140112
4호선,서울역,동자동,용산구,37.5533163107152,126.969738305903,11170,11170107
공항철도,서울역,동자동,용산구,37.5533163107152,126.969738305903,11170,11170107
4호선,삼각지역,한강로1가,용산구,37.534432134689,126.972913902586,11170,11170124
6호선,삼각지역,한강로1가,용산구,37.534432134689,126.972913902586,11170,11170124
4호선,신용산역,한강로2가,용산구,37.5292591477099,126.967960513832,11170,11170125
4호선,이촌역,용산동5가,용산구,37.5224489050814,126.973325479803,11170,11170127
4호선,동작역,동작동,동작구,37.5029705640491,126.980299007575,11590,11590106
9호선,동작역,동작동,동작구,37.5029705640491,126.980299007575,11590,11590106
5호선,방화역,방화동,강서구,37.5775887548875,126.81280121976,11500,11500109
5호선,개화산역,방화동,강서구,37.5725335465697,126.806814324288,11500,11500109
5호선,김포공항역,방화동,강서구,37.5619477391215,126.801906881417,11500,11500109
공항철도,김포공항역,방화동,강서구,37.5619477391215,126.801906881417,11500,11500109
9호선,김포공항역,방화동,강서구,37.5619477391215,126.801906881417,11500,11500109
9호선,신방화역,방화동,강서구,37.567486525915,126.817218331242,11500,11500109
김포골드라인,김포공항역,방화동,강서구,37.5619477391215,126.801906881417,11500,11500109
5호선,송정역,공항동,강서구,37.5611540020654,126.812412256202,11500,11500108
9호선,공항시장역,공항동,강서구,37.5636738875486,126.810594967667,11500,11500108
5호선,마곡역,가양동,강서구,37.5602178056843,126.824683361642,11500,11500104
9호선,양천향교역,가양동,강서구,37.5680628368766,126.841960762674,11500,11500104
9호선,가양역,가양동,강서구,37.5614294894973,126.854402192224,11500,11500104
5호선,발산역,마곡동,강서구,37.5586687177515,126.8377251087,11500,11500105
공항철도,마곡나루역,마곡동,강서구,37.5667089856741,126.827407353953,11500,11500105
9호선,마곡나루역,마곡동,강서구,37.5667089856741,126.827407353953,11500,11500105
5호선,목동역,목동,양천구,37.52612248118,126.864607193772,11470,11470102
5호선,오목교역,목동,양천구,37.5245304608023,126.875289218474,11470,11470102
9호선,신목동역,목동,양천구,37.5442703452459,126.883086765892,11470,11470102
5호선,양평역,양평동2가,영등포구,37.5255688309654,126.886419299276,11560,11560126
5호선,영등포시장역,영등포동5가,영등포구,37.5227021758736,126.905179576089,11560,11560106
5호선,신길역,영등포동1가,영등포구,37.5167834187845,126.918353640838,11560,11560102
5호선,여의도역,여의도동,영등포구,37.5211664706025,126.924638422261,11560,11560110
5호선,여의나루역,여의도동,영등포구,37.5271361343623,126.932981451891,11560,11560110
9호선,국회의사당역,여의도동,영등포구,37.5281356801658,126.917820861804,11560,11560110
9호선,여의도역,여의도동,영등포구,37.5211664706025,126.924638422261,11560,11560110
9호선,샛강역,여의도동,영등포구,37.517366563071,126.92837506516,11560,11560110
5호선,공덕역,공덕동,마포구,37.5445344743163,126.95143307723,11440,11440102
6호선,공덕역,공덕동,마포구,37.5445344743163,126.95143307723,11440,11440102
5호선,서대문역,평동,종로구,37.5657492320378,126.966631900266,11110,11110177
5호선,광화문역,세종로,종로구,37.5716441018605,126.976409565513,11110,11110119
5호선,종로3가역,돈의동,종로구,37.5704208439207,126.992144196794,11110,11110153
5호선,을지로4가역,주교동,중구,37.5666368996611,126.997623004003,11140,11140152
5호선,동대문역사문화공원역,광희동1가,중구,37.5656454859141,127.008987189553,11140,11140145
5호선,신금호역,금호동2가,성동구,37.5544716890745,127.020484110799,11200,11200110
5호선,마장역,마장동,성동구,37.5661245472562,127.042966737062,11200,11200105
5호선,장한평역,장안동,동대문구,37.5615921805583,127.063699193793,11230,11230106
5호선,군자역,능동,광진구,37.5571496975138,127.079494769075,11215,11215102
5호선,아차산역,능동,광진구,37.5522410643204,127.089561549724,11215,11215102
7호선,군자역,능동,광진구,37.5571496975138,127.079494769075,11215,11215102
5호선,광나루역,광장동,광진구,37.545291967554,127.103516928227,11215,11215104
5호선,천호역,천호동,강동구,37.5384968055586,127.123919374783,11740,11740109
5호선,강동역,천호동,강동구,37.5358747268317,127.132378184615,11740,11740109
8호선,천호역,천호동,강동구,37.5384968055586,127.123919374783,11740,11740109
5호선,길동역,길동,강동구,37.5378120875517,127.140007691428,11740,11740105
5호선,굽은다리역,명일동,강동구,37.545503186603,127.14287366158,11740,11740101
5호선,명일역,명일동,강동구,37.5513942973681,127.144039211129,11740,11740101
5호선,고덕역,고덕동,강동구,37.5550395608369,127.154163861206,11740,11740102
5호선,상일동역,상일동,강동구,37.5566634789051,127.165892145281,11740,11740103
5호선,강일역,강일동,강동구,37.55737265883131,127.17573074814854,11740,11740110
5호선,미사역,망월동,하남시,37.56296729630392,127.19269317182022,41450,41450109
5호선,하남풍산역,덕풍동,하남시,37.55219507269568,127.20405165910537,41450,41450108
5호선,하남시청역,덕풍동,하남시,37.54210648182476,127.20596333451422,41450,41450108
5호선,하남검단산역,창우동,하남시,37.53979350062824,127.22294285543185,41450,41450103
5호선,둔촌동역,둔촌동,강동구,37.527653243694,127.136210118019,11740,11740106
9호선,둔촌오륜역,둔촌동,강동구,37.5193972411893,127.138638475396,11740,11740106
9호선,중앙보훈병원역,둔촌동,강동구,37.5283953876669,127.148407138571,11740,11740106
5호선,올림픽공원역,방이동,송파구,37.5163245709914,127.130963650207,11710,11710111
5호선,방이역,방이동,송파구,37.5087434268367,127.126086986658,11710,11710111
9호선,송파나루역,방이동,송파구,37.5110095122823,127.112653785965,11710,11710111
9호선,한성백제역,방이동,송파구,37.5165199821667,127.116440092824,11710,11710111
9호선,올림픽공원역,방이동,송파구,37.5163245709914,127.130963650207,11710,11710111
5호선,거여역,거여동,송파구,37.4933160395092,127.143769291109,11710,11710113
5호선,마천역,마천동,송파구,37.495034582344,127.152841764562,11710,11710114
6호선,응암역,역촌동,은평구,37.598483842041,126.915524077713,11380,11380108
6호선,독바위역,불광동,은평구,37.6184069418122,126.93303553594,11380,11380103
6호선,구산역,구산동,은평구,37.6112430835611,126.917253818257,11380,11380105
6호선,새절역,신사동,은평구,37.5908600347313,126.913562546888,11380,11380109
6호선,증산역,증산동,은평구,37.5837391279813,126.909472356624,11380,11380110
6호선,디지털미디어시티역,증산동,은평구,37.5760020219691,126.901263083061,11380,11380110
6호선,월드컵경기장역,성산동,마포구,37.5696211494292,126.899098167507,11440,11440125
6호선,마포구청역,성산동,마포구,37.5634799638172,126.903407498445,11440,11440125
6호선,망원역,망원동,마포구,37.5560790523854,126.910094334311,11440,11440123
6호선,합정역,합정동,마포구,37.549901442065,126.914447288631,11440,11440122
6호선,상수역,상수동,마포구,37.5477625707505,126.922416317552,11440,11440115
6호선,광흥창역,창전동,마포구,37.5474801664168,126.932012687537,11440,11440114
6호선,대흥역,대흥동,마포구,37.5476298835021,126.942468676122,11440,11440108
6호선,녹사평역,용산동4가,용산구,37.5347047736434,126.986536101295,11170,11170103
6호선,이태원역,이태원동,용산구,37.534507184382,126.994320286276,11170,11170130
6호선,신당역,흥인동,중구,37.5656622427144,127.019468475358,11140,11140163
6호선,보문역,보문동1가,성북구,37.5855380945306,127.019994457457,11290,11290130
우이신설선,보문역,보문동1가,성북구,37.5855380945306,127.019994457457,11290,11290130
6호선,안암역,안암동5가,성북구,37.5862930020861,127.02923341461,11290,11290125
6호선,고려대역,종암동,성북구,37.5904356061366,127.036300356742,11290,11290135
6호선,월곡역,하월곡동,성북구,37.6018044220648,127.041447136594,11290,11290136
6호선,상월곡역,상월곡동,성북구,37.6065408142226,127.048811061085,11290,11290137
6호선,돌곶이역,석관동,성북구,37.6105378127498,127.056424528377,11290,11290139
6호선,태릉입구역,공릉동,노원구,37.6184559179347,127.075391704694,11350,11350103
6호선,화랑대역,공릉동,노원구,37.6198379616943,127.083525948283,11350,11350103
7호선,공릉역,공릉동,노원구,37.6255391693239,127.073019988267,11350,11350103
7호선,태릉입구역,공릉동,노원구,37.6184559179347,127.075391704694,11350,11350103
6호선,봉화산역,신내동,중랑구,37.6173454295036,127.091361241699,11260,11260106
6호선,신내역,신내동,중랑구,37.612487415788,127.104266904089,11260,11260106
7호선,장암역,장암동,의정부시,37.6999529625254,127.052818308021,41150,41150103
7호선,중계역,중계동,노원구,37.6450777073231,127.064110346569,11350,11350106
7호선,하계역,하계동,노원구,37.6364621312659,127.067977670097,11350,11350104
7호선,먹골역,묵동,중랑구,37.6106157806661,127.077762184215,11260,11260104
7호선,면목역,면목동,중랑구,37.5886968712998,127.08749925382,11260,11260101
7호선,사가정역,면목동,중랑구,37.5809295768134,127.088486427527,11260,11260101
7호선,용마산역,면목동,중랑구,37.573704888224,127.086757224194,11260,11260101
7호선,중곡역,중곡동,광진구,37.5658680402426,127.084257974673,11215,11215101
7호선,뚝섬유원지역,자양동,광진구,37.5315511803549,127.06677359647,11215,11215105
7호선,청담역,청담동,강남구,37.5194483760543,127.053708883222,11680,11680104
7호선,학동역,논현동,강남구,37.5143566006166,127.031897380783,11680,11680108
7호선,논현역,논현동,강남구,37.5111873890283,127.02164858363,11680,11680108
9호선,언주역,논현동,강남구,37.5073281931356,127.033952822224,11680,11680108
7호선,숭실대입구역,상도동,동작구,37.4963136741799,126.953612918928,11590,11590102
7호선,장승배기역,상도동,동작구,37.5048846414365,126.939063345317,11590,11590102
7호선,상도역,상도1동,동작구,37.5028526010093,126.94790894056,11590,11590103
7호선,신대방삼거리역,대방동,동작구,37.4997428128212,126.928210959471,11590,11590108
7호선,보라매역,대방동,동작구,37.4999181359871,126.920588561199,11590,11590108
7호선,대림역,대림동,영등포구,37.4933027323738,126.894926522974,11560,11560133
7호선,철산역,철산동,광명시,37.4761928323657,126.868201982739,41210,41210102
7호선,광명사거리역,광명동,광명시,37.4792946820271,126.85485565284,41210,41210101
7호선,까치울역,춘의동,부천시,37.5062093130608,126.811328358368,41190,41190103
7호선,부천종합운동장역,춘의동,부천시,37.5054110660251,126.797215785441,41190,41190103
7호선,춘의역,춘의동,부천시,37.5036811739172,126.786996678208,41190,41190103
7호선,신중동역,춘의동,부천시,37.5029417111885,126.776888189294,41190,41190103
7호선,부천시청역,중동,부천시,37.5046286887108,126.764058041258,41190,41190108
7호선,상동역,상동,부천시,37.5057777528781,126.753174390302,41190,41190109
8호선,암사역,암사동,강동구,37.550133857734,127.127537293281,11740,11740107
8호선,강동구청역,성내동,강동구,37.530193178362,127.120443701344,11740,11740108
8호선,석촌역,석촌동,송파구,37.5054105299706,127.106990485844,11710,11710105
9호선,석촌역,석촌동,송파구,37.5054105299706,127.106990485844,11710,11710105
8호선,문정역,문정동,송파구,37.4860238552656,127.122475829669,11710,11710108
8호선,산성역,신흥동,수정구,37.4567993089902,127.150073936897,41131,41131101
8호선,단대오거리역,신흥동,수정구,37.4450233989513,127.156763011663,41131,41131101
8호선,신흥역,신흥동,수정구,37.4409086355148,127.147533584341,41131,41131101
8호선,남한산성입구역,단대동,수정구,37.4516687091001,127.159873536458,41131,41131104
공항철도,디지털미디어시티역,상암동,마포구,37.5760020219691,126.901263083061,11440,11440127
9호선,개화역,개화동,강서구,37.5783372913891,126.796882325598,11500,11500110
9호선,증미역,등촌동,강서구,37.5581213429662,126.860633381512,11500,11500102
9호선,등촌역,등촌동,강서구,37.5507208571932,126.865558572269,11500,11500102
9호선,염창역,염창동,강서구,37.5469649168106,126.874867107681,11500,11500101
9호선,선유도역,양평동5가,영등포구,37.5381532418967,126.89332482044,11560,11560129
9호선,노들역,본동,동작구,37.5126577019678,126.953082505556,11590,11590104
9호선,흑석역,흑석동,동작구,37.5091654663414,126.96344496646,11590,11590105
9호선,석촌고분역,삼전동,송파구,37.5024642758104,127.096491224145,11710,11710106
용인에버라인,지석역,상하동,기흥구,37.2697264896226,127.13664607007,41463,41463117
용인에버라인,어정역,상하동,기흥구,37.2749441263938,127.143736325862,41463,41463117
용인에버라인,동백역,중동,기흥구,37.2690941934817,127.152677020642,41463,41463116
용인에버라인,초당역,중동,기흥구,37.2607956916315,127.15944666798,41463,41463116
용인에버라인,삼가역,삼가동,처인구,37.2420419195264,127.168175442278,41461,41461103
용인에버라인,시청·용인대역,삼가동,처인구,37.2394312311549,127.178876050309,41461,41461103
용인에버라인,명지대역,역북동,처인구,37.2380618930876,127.19027774875,41461,41461102
용인에버라인,김량장역,김량장동,처인구,37.2373093842642,127.198592810314,41461,41461101
용인에버라인,운동장·송담대역,김량장동,처인구,37.2379039726401,127.209120242573,41461,41461101
용인에버라인,고진역,유방동,처인구,37.2446347645105,127.214165558244,41461,41461105
용인에버라인,보평역,유방동,처인구,37.2590435821757,127.218467470786,41461,41461105
용인에버라인,둔전역,포곡읍,처인구,37.2671978333453,127.213620643705,41461,41461250
용인에버라인,전대·에버랜드역,포곡읍,처인구,37.2854603654967,127.219378294699,41461,41461250
우이신설선,북한산우이역,우이동,강북구,37.6629879523308,127.012739014317,11305,11305104
우이신설선,솔밭공원역,우이동,강북구,37.655978257268,127.013259115174,11305,11305104
우이신설선,4·19민주묘지역,우이동,강북구,37.6495271717567,127.013688568881,11305,11305104
우이신설선,북한산보국문역,정릉동,성북구,37.6121187346003,127.008245268539,11290,11290133
우이신설선,정릉역,정릉동,성북구,37.6026037968404,127.013521423935,11290,11290133
의정부경전철,발곡역,신곡동,의정부시,37.7271442784747,127.052951047249,41150,41150104
의정부경전철,동오역,신곡동,의정부시,37.7452518938783,127.05698049092,41150,41150104
의정부경전철,새말역,신곡동,의정부시,37.7488342825137,127.063745883251,41150,41150104
의정부경전철,경기도청북부청사역,신곡동,의정부시,37.7507578441673,127.07159966714,41150,41150104
의정부경전철,효자역,신곡동,의정부시,37.753979766402,127.077208439712,41150,41150104
의정부경전철,곤제역,금오동,의정부시,37.7505335628569,127.083808800706,41150,41150109
의정부경전철,어룡역,용현동,의정부시,37.7426761348571,127.085184125536,41150,41150105
의정부경전철,송산역,용현동,의정부시,37.7372688479978,127.087197331244,41150,41150105
의정부경전철,탑석역,용현동,의정부시,37.7334835070595,127.088894548309,41150,41150105
신분당선,양재시민의숲역,양재동,서초구,37.4701151903454,127.038457766798,11650,11650102
신분당선,청계산입구역,신원동,서초구,37.4483403225219,127.054720316678,11650,11650111
신분당선,동천역,동천동,수지구,37.3378249132707,127.102847846954,41465,41465103
신분당선,수지구청역,풍덕천동,수지구,37.3224781677918,127.094658542513,41465,41465101
신분당선,성복역,성복동,수지구,37.3135144427628,127.080365602442,41465,41465106
신분당선,상현역,상현동,수지구,37.2978253754142,127.069340973557,41465,41465107
신분당선,광교중앙역,이의동,영통구,37.2883734932387,127.05171729556,41117,41117103
신분당선,광교역,이의동,영통구,37.3021083255958,127.044259827576,41117,41117103
김포골드라인,고촌역,고촌읍,김포시,37.6012098003045,126.77032142847,41570,41570253
김포골드라인,풍무역,사우동,김포시,37.6126624208995,126.732344200216,41570,41570106
김포골드라인,사우역,사우동,김포시,37.6200048459257,126.720424444576,41570,41570106
김포골드라인,걸포북변역,북변동,김포시,37.6316279949669,126.705789359074,41570,41570101
김포골드라인,운양역,운양동,김포시,37.6537713637391,126.683830867772,41570,41570103
김포골드라인,장기역,장기동,김포시,37.644054370351,126.669074138552,41570,41570104
김포골드라인,마산역,마산동,김포시,35.2362020956079,128.577168715535,41570,41570108
김포골드라인,구래역,구래동,김포시,37.6452652583848,126.627937619328,41570,41570109
김포골드라인,양촌역,양촌읍,김포시,37.6417268910766,126.614676098923,41570,41570256
서해선,시흥대야역,대야동,시흥시,37.450099848927,126.792980234554,41390,41390101
서해선,신천역,신천동,시흥시,37.439240616729,126.786772666879,41390,41390102
서해선,신현역,미산동,시흥시,37.409563047498,126.787828208206,41390,41390105
서해선,시흥시청역,광석동,시흥시,37.3815543779072,126.805927791575,41390,41390121
서해선,시흥능곡역,능곡동,시흥시,37.3699357078736,126.808712336392,41390,41390118
서해선,달미역,선부동,단원구,37.3487807176154,126.809398048906,41273,41273109
서해선,선부역,선부동,단원구,37.3344012244658,126.809976021899,41273,41273109
서해선,원곡역,원시동,단원구,37.3131491759147,126.795725352292,41273,41273105
서해선,원시역,원시동,단원구,37.3026093136252,126.786775526256,41273,41273105
